{"type": "block", "layer": 17, "block": 0, "features": [{"geom": {"polygons": [[[[-339.8309928737581, 570.8907262226567], [-314.91769083216786, 557.5989163536578], [-351.08539339341223, 489.8681781915948], [-375.9875634815544, 503.15987555030733], [-339.8309928737581, 570.8907262226567]]]], "centroids": [[-345.45421731099486, 530.3813237119466, 335.6088562011719]], "h": 30.0}, "mtl": {"face": 0}}, {"geom": {"polygons": [[[[-536.1429148875177, 611.3746548676863], [-472.0451520886272, 576.2369527844712], [-432.14824658818543, 649.0012949742377], [-466.1563510261476, 667.6579797882587], [-448.8350382577628, 699.256456262432], [-414.6265587378293, 680.5075202202424], [-385.53877579420805, 733.5650950614363], [-361.38244629092515, 720.3098861686885], [-462.26016884855926, 537.4123680060729], [-550.2470943704247, 585.6573813827708], [-536.1429148875177, 611.3746548676863]]]], "centroids": [[-446.4932853896171, 628.7740732179955, 339.2311706542969]], "h": 30.0}, "mtl": {"face": 0}}], "featureCount": 2, "startIndex": 0}