{"type": "block", "layer": 18, "block": 0, "features": [{"geom": {"polygons": [[[[-822.9464509673417, 1095.040709263645], [-780.09957896173, 1095.2803833205253], [-780.411273535341, 1150.2396774310619], [-754.1955334544182, 1150.387170174159], [-753.449692863971, 1018.0503996629268], [-779.6543009970337, 1017.9029093589634], [-779.9548636227846, 1069.9487190367654], [-822.8017356302589, 1069.7090457407758], [-822.5345688518137, 1022.1616929704323], [-850.1195386704057, 1021.9957662932575], [-850.7763236649334, 1137.7396773407236], [-823.1913538463414, 1137.9056064169854], [-822.9464509673417, 1095.040709263645]]]], "centroids": [[-800.5025942288339, 1082.1871298830956, 362.8889465332031]], "h": 30.0}, "mtl": {"face": 0}}, {"geom": {"polygons": [[[[-777.205272199586, -815.2468581842259], [-802.3968729674816, -860.4237212575972], [-823.5921040121466, -848.6088257590309], [-758.3366185110062, -731.5832791477442], [-737.3528944961727, -743.2877540430054], [-766.7523720152676, -796.0221916055307], [-727.6569668482989, -817.8273468278348], [-697.1999541670084, -763.2129703527316], [-676.1160426102579, -774.9726954614744], [-740.1581456642598, -889.8410763833672], [-761.2420572191477, -878.0815200787038], [-738.2991101667285, -836.941368936561], [-777.205272199586, -815.2468581842259]]]], "centroids": [[-750.2196905333549, -811.883062183857, 337.6872863769531]], "h": 30.0}, "mtl": {"face": 0}}, {"geom": {"polygons": [[[[-715.4786145556718, -633.3756090486422], [-704.9032629299909, -639.6979484325275], [-709.5118898488581, -647.4211492426693], [-720.087241474539, -641.1172484243289], [-715.4786145556718, -633.3756090486422]]]], "centroids": [[-712.4965078346431, -640.401569608599, 333.22760009765625]], "h": 30.0}, "mtl": {"face": 0}}], "featureCount": 3, "startIndex": 0}