{"type": "block", "layer": 3, "block": 0, "features": [{"geom": {"lines": [[-2477.23200779967, -2612.982241607271, 328.44647216796875, -2320.594352303073, -2549.8294945294037, 327.0, -2217.9800456911325, -2506.6339816451073, 327.0, -2165.4261140860617, -2507.758099908009, 327.0, -2152.891539422795, -2517.9304416142404, 327.10406494140625, -2105.1132139749825, -2556.1503200782463, 327.980712890625, -1947.462551113218, -2785.4657581131905, 328.9275207519531, -1918.7977822348475, -2809.3477981947362, 329.06805419921875, -1885.3574072010815, -2814.1205121660605, 330.0885925292969, -1847.14142601192, -2799.8023617118597, 331.1499938964844]]}, "mtl": 0}], "featureCount": 1, "startIndex": 0}