{"type": "block", "layer": 4, "block": 0, "features": [{"geom": {"lines": [[-1511.3461820334196, 165.21472583338618, 376.9186096191406, -1421.6338044032454, 173.71295335516334, 370.94891357421875, -1306.184360500425, 186.2298819134012, 372.5251770019531, -1296.9559747148305, 190.21170718129724, 373.1582336425781, -1252.5506298355758, 203.76098855398595, 371.1604919433594, -1170.0294913128018, 255.87524107471108, 369.4466552734375, -1160.5228067990392, 267.1756172263995, 369.99078369140625, -1118.0432891119272, 400.99319361243397, 371.1033935546875, -1074.2502014320344, 463.3770247604698, 366.9167175292969, -1034.698386354372, 503.9341498641297, 364.3184814453125, -1012.8686342090368, 532.1399080585688, 362.9578552246094, -985.9515813346952, 577.3430690700188, 362.1118469238281, -960.9269598051906, 622.8230161033571, 361.4602355957031, -936.8151580989361, 632.022274762392, 360.6067199707031]]}, "mtl": 0}, {"geom": {"lines": [[-1059.4447091575712, -112.58570304419845, 346.9867248535156, -1038.8951311558485, -122.70578875672072, 347.1129455566406]]}, "mtl": 0}, {"geom": {"lines": [[-1141.1866112463176, -35.090123346075416, 349.25653076171875, -1153.0755328629166, -1.5588585017248988, 350.95068359375, -1158.1628335919231, 6.23870150744915, 351.4197692871094, -1169.5396855510771, 15.510987249203026, 352.1398620605469, -1198.0263432450593, 33.52100437041372, 354.2184143066406, -1225.9564034864306, 48.30510194506496, 355.497314453125, -1272.5436103846878, 68.04799803066999, 357.8551025390625, -1357.536041604355, 104.63976897485554, 364.7091979980469, -1453.4043870735914, 136.07011387962848, 371.1389465332031, -1511.3461820334196, 165.21472583338618, 376.9186096191406, -1557.8777291849256, 184.4970511663705, 382.0812072753906, -1615.2851905860007, 240.48242158070207, 387.79010009765625, -1659.9020424969494, 296.2469682022929, 391.8551940917969, -1701.6802473925054, 334.00116947758943, 394.0518798828125]]}, "mtl": 0}, {"geom": {"lines": [[-1112.2212797421962, 3059.355364001356, 343.0276184082031, -1129.0416548009962, 3047.9588387394324, 343.4071350097656, -1138.7821102458984, 3039.697290122509, 343.7674255371094, -1154.4447626024485, 3023.8196503296494, 344.9974670410156, -1170.741936052218, 3004.991502750665, 346.41912841796875, -1192.3267853166908, 2977.9019146822393, 347.0, -1204.816832182929, 2960.973273814656, 347.07647705078125, -1220.9024986047298, 2939.379166266881, 348.0323791503906, -1233.8155595362186, 2918.209252336994, 349.3984069824219, -1241.641319738701, 2903.825544872321, 350.70611572265625, -1248.8102949466556, 2889.1652542548254, 352.24163818359375, -1254.3428736384958, 2873.5460811061785, 353.7847900390625, -1259.2297992836684, 2855.0686570880935, 355.1383972167969, -1267.044427536428, 2825.508555511944, 357.24951171875, -1278.0539251770824, 2773.8570119850338, 360.88580322265625, -1284.3880042042583, 2746.3994011096656, 362.0254821777344, -1289.0188950207084, 2721.9291987009346, 362.7788391113281, -1299.315947920084, 2670.1123630302027, 363.2672424316406, -1304.692679323256, 2634.744338371791, 364.09967041015625, -1308.8671602290124, 2577.7095789657906, 364.91485595703125, -1310.1584663223475, 2559.564755309373, 365.3030700683594, -1309.9135634414852, 2530.3007819103077, 366.1324768066406, -1309.0118755660951, 2501.866702348925, 367.0927734375, -1308.110187690705, 2480.310713267885, 367.9052734375, -1303.2900537401438, 2458.4781881486997, 368.68878173828125, -1290.4549164511263, 2421.6543766288087, 369.4499206542969, -1272.1985199619085, 2382.1385771315545, 370.2850036621094, -1248.6433157101274, 2337.2202478544787, 370.03424072265625, -1198.5718087516725, 2249.762992824428, 369.2182312011719, -1161.2909112852067, 2186.830501569435, 368.7806701660156, -1050.9844278562814, 1981.6625854307786, 370.7725524902344, -1019.781574588269, 1910.2505601979792, 368.3427734375, -1008.1041600052267, 1871.93577298522, 368.572265625, -1002.7162966504693, 1846.1960093472153, 368.55999755859375, -999.3544480260462, 1823.1667351322249, 368.23382568359375, -993.8441332336515, 1776.4999303575605, 367.6992492675781, -988.5007976740599, 1725.3161066174507, 366.6857604980469, -982.411621529609, 1692.404490900226, 365.6277160644531, -976.0775425024331, 1606.4292954290286, 367.550048828125, -973.8288887869567, 1570.7156588826329, 368.0583190917969, -960.9603556543589, 1366.4669583747163, 365.1696472167969, -960.6375291291624, 1353.6163163017482, 365.1592102050781, -959.657917611301, 1326.606067031622, 365.4433288574219, -951.8210254590958, 1085.8409182596952, 366.89276123046875, -945.0973282139748, 979.1314900899306, 366.29095458984375, -940.043423332274, 845.7651419918984, 365.4796142578125, -937.0600609797984, 767.0074025662616, 364.10797119140625, -936.8151580989361, 632.022274762392, 360.6067199707031, -943.360744157806, 577.8039509030059, 359.1571044921875, -965.6580381654203, 511.5109810223803, 357.24224853515625, -1000.1225525140762, 410.3581112343818, 355.365966796875, -1003.9742068946362, 389.71106331795454, 354.6250915527344, -1004.274769520387, 372.0505056763068, 353.3135986328125, -1001.9259282648563, 350.68460130319, 351.1166687011719, -997.6289959214628, 328.9869293635711, 348.66522216796875]]}, "mtl": 0}, {"geom": {"lines": [[-1083.7791498452425, -417.2333871508017, 344.0, -1074.9181183781475, -422.081259814091, 344.0621643066406, -1006.8462497591972, -459.38950477633625, 342.41607666015625, -1000.6234902217984, -462.79958766233176, 342.1498107910156, -963.3203288577497, -483.24162162374705, 341.9619445800781, -910.5103624239564, -512.181111516431, 340.6394348144531, -858.279257344082, -540.8071409156546, 337.8377990722656, -847.7595654651523, -546.5765729462728, 336.735107421875]]}, "mtl": 0}, {"geom": {"lines": [[-1156.9939789380878, 1088.0532918833196, 381.4658508300781, -1138.3368322830647, 526.2959617571905, 376.0032958984375, -1132.1029407978058, 409.87880416121334, 372.2939147949219, -1118.0432891119272, 400.99319361243397, 371.1033935546875]]}, "mtl": 0}, {"geom": {"lines": [[-1276.3173411209136, 1185.5089570162818, 387.3810119628906, -1315.0453919675201, 1208.3335919538513, 389.24102783203125, -1333.5689552351832, 1206.3608624543995, 390.87823486328125, -1346.1703215949237, 1202.0282339509577, 392.5083312988281, -1356.4228466954082, 1188.4588253945112, 393.8345642089844, -1389.3511520717293, 1155.328178637661, 398.070556640625, -1425.2850836999714, 1103.6874162647873, 402.4927062988281, -1443.3188412096351, 1077.4339040666819, 406.2804260253906]]}, "mtl": 0}, {"geom": {"lines": [[-1276.3173411209136, 1185.5089570162818, 387.3810119628906, -1204.5162695590407, 1113.2559579322115, 383.963623046875, -1168.137059967965, 1091.4271628390998, 382.4810485839844, -1156.9939789380878, 1088.0532918833196, 381.4658508300781, -1117.5534833502024, 1076.1433544233441, 377.661376953125, -1014.260127844289, 1081.8955201478675, 369.0100402832031, -951.8210254590958, 1085.8409182596952, 366.89276123046875]]}, "mtl": 0}, {"geom": {"lines": [[-1375.3248962331563, 517.2996111232787, 402.2886657714844, -1364.2263430003077, 537.0252292221412, 400.8059997558594, -1351.6806363873184, 561.5071854796261, 399.62908935546875, -1341.2388681527227, 583.8875935599208, 398.56903076171875, -1338.2889016456902, 598.1196483923122, 398.48236083984375, -1338.789839355275, 615.1723381001502, 398.95465087890625, -1354.9534294176847, 980.4588964888826, 400.6870422363281, -1352.7493035010993, 1028.9646896747872, 398.543212890625, -1356.4228466954082, 1188.4588253945112, 393.8345642089844, -1358.671500409022, 1269.7834375780076, 394.7167053222656, -1360.0963898915797, 1321.4805829245597, 395.2323303222656]]},