{"type": "block", "layer": 5, "block": 0, "features": [{"geom": {"lines": [[-276.3677511718124, -363.9065940147266, 329.7164306640625, -349.0482467096299, -340.7730146422982, 332.2580261230469, -397.7950517311692, -327.63016246724874, 332.97503662109375, -423.3874026630074, -320.6071147993207, 334.56976318359375, -577.4869737681001, -237.36233222857118, 337.3465270996094, -741.2045488767326, -148.91841027420014, 338.1507568359375, -867.4297194872051, -393.9524976639077, 340.3756103515625]]}, "mtl": 0}, {"geom": {"lines": [[-1170.3745817337185, -277.82353378180414, 343.8355712890625, -1154.8677766658366, -287.99871036130935, 343.9396057128906, -1129.1195784453303, -316.29374388512224, 344.6422119140625, -1100.3880178723484, -348.16470743343234, 345.0150146484375, -1075.6305631194264, -370.0079492209479, 344.44482421875]]}, "mtl": 0}, {"geom": {"lines": [[-1075.6305631194264, -370.0079492209479, 344.44482421875, -1066.7138719055802, -373.454936360009, 344.0934143066406, -996.2152383886278, -401.2704092580825, 340.6416931152344, -984.6714071910828, -419.2241489030421, 340.3490905761719, -979.105432651937, -427.9060763157904, 340.4102478027344, -947.7356001455337, -453.9518020376563, 340.37164306640625, -918.5142338145524, -469.04833036474884, 340.9297790527344, -867.4297194872051, -393.9524976639077, 340.3756103515625, -797.4988153725863, -410.7818410266191, 340.0737609863281]]}, "mtl": 0}, {"geom": {"lines": [[-6838.88550436683, 6254.89548412431, 1226.69677734375, -6801.960829271004, 6252.423404161818, 1224.14404296875, -6780.943709408864, 6199.255421556532, 1220.4547119140625, -6795.771465582773, 6049.678551536985, 1192.373779296875, -6697.264848178253, 6042.004234042019, 1175.0562744140625, -6689.227580944076, 6006.768880432472, 1165.991943359375, -6721.376649884507, 5967.825693754479, 1162.1033935546875, -6712.715993501246, 5936.925858180039, 1153.802734375, -6674.3998247701675, 5896.747026627883, 1140.0467529296875, -6673.1641784235835, 5838.637503315695, 1126.7652587890625, -6661.419972144067, 5722.438170298934, 1104.3292236328125, -6639.779463134706, 5665.56586231757, 1091.3551025390625, -6623.092671463266, 5618.599934243597, 1082.08154296875, -6592.802638018504, 5560.492431599647, 1070.6236572265625, -6572.408907305449, 5477.039728175849, 1055.8271484375, -6560.052443826571, 5425.739990479313, 1046.494384765625, -6522.960789496079, 5359.609746079892, 1032.55126953125, -6503.179315980524, 5309.546655497514, 1024.8631591796875, -6514.311265060678, 5292.2257107477635, 1021.9962768554688, -6522.348532296717, 5156.869076482952, 1000.5624389648438, -6542.742263007909, 5130.915837985463, 999.9354248046875, -6543.977909356356, 5088.2508890340105, 991.848388671875, -6520.979302559048, 5030.866614881903, 978.2369995117188]]}, "mtl": 0}, {"geom": {"lines": [[-641.7851116508245, 267.23092090245336, 338.0614318847656, -629.6401552055031, 269.09281150251627, 338.10125732421875, -581.1048572193831, 245.82842739112675, 336.9559020996094, -554.310255786404, 241.12762899231166, 336.532470703125]]}, "mtl": 0}, {"geom": {"lines": [[-814.0186278056353, 398.7257053637877, 337.8165283203125, -849.629732908681, 415.31709764152765, 338.6441650390625]]}, "mtl": 0}, {"geom": {"lines": [[-592.5930286683142, -141.2500291801989, 338.4017639160156, -596.4446830507368, -130.11611662525684, 338.21600341796875, -589.164388353005, -80.01331842225045, 336.2919921875, -588.162512935698, -72.19740108586848, 336.2272033691406, -585.3127339705825, -50.03997129108757, 336.0428771972656, -579.746759429574, -24.36160859465599, 336.2850341796875, -577.1752791944891, -8.08447025809437, 336.4979248046875, -578.7226201165468, 6.091229853220284, 336.7545471191406]]}, "mtl": 0}, {"geom": {"lines": [[-391.6836116835475, -285.0862517207861, 332.5655212402344, -397.7950517311692, -327.63016246724874, 332.97503662109375]]}, "mtl": 0}, {"geom": {"lines": [[-1281.7942600678653, -2641.361195321195, 343.11199951171875, -1285.2006364874542, -2669.70319281891, 345.2974548339844, -1291.3454723767936, -2702.228183304891, 347.1371765136719, -1302.3883658647537, -2742.7506352532655, 349.98321533203125, -1326.9565774835646, -2775.293756438419, 346.7630920410156, -1356.4228466954082, -2799.249536857009, 343.0632019042969, -1372.3860616758466, -2813.973092473112, 342.59625244140625, -1380.5123845040798, -2823.4079474136233, 342.5087585449219]]}, "mtl": 0}, {"geom": {"lines": [[-410.20717495307326, 58.72034917958081, 334.71728515625, -432.82729548215866, 83.8829050688073, 335.7276306152344]]}, "mtl": 0}, {"geom": {"lines": [[-490.6243751011789, 48.19449762161821, 338.7249450683594, -523.2298539560288, 60.72966392058879, 338.0, -558.1619101669639, 77.65216957218945, 338.19085693359375, -575.4943548850715, 79.5508843138814, 338.9630126953125]]}, "mtl": 0}, {"geom": {"lines": [[-653.10630386509, -370.52407573070377, 341.5927429199219, -622.2596729658544, -367.50104855094105, 338.1089172363281, -618.7197131589055, -356.36745079327375, 337.4079284667969, -621.7587352562696, -345.2522706910968, 337.5007629394531, -602.5449911467731, -314.39512261748314, 337.7906494140625, -585.8581994753331, -290.1369704613462, 338.04486083984375, -576.2513274215162, -267.37184436805546, 337.2957763671875, -574.0360695533454, -254.21043828036636, 337.02178955078125]]}, "mtl": 0}, {"geom": {"lines": [[-622.2596729658544, -367.50104855094105, 338.1089172363281, -591.9251117240638, -364.45958712510765, 335.3100280761719, -573.2123053222895, -359.9066093750298, 334.4158020019531, -559.5645357519388, -365.9711014321074, 333.8559875488281, -552.4846161361784, -384.1829830855131, 333.2990417480469, -545.4046965204179, -406.43165270704776, 333.7140808105469, -540.6624862123281, -420.0536328209564, 335.4380798339844]]}, "mtl": 0}, {"geom": {"lines": [[2297.8954734224826, -2111.855996891856, 945.9918823242188, 2231.604716654867, -2130.524631730281, 945.1136474609375, 2182.7243282478303, -2117.863874256611, 942.9322509765625, 2159.191387893632, -2081.6506800809875, 950.2236938476562, 2151.944489043206, -2030.9703622143716, 959.4512939453125, 2155.5735044442117, -1989.3385446341708, 964.282958984375, 2115.7433906365186, -1963.9797041099519, 969.8563842773438, 2025.2295126728714, -2018.2910179523751, 963.6410522460938, 1907.5648109056056, -2112.42729830835, 946.0751342773438, 1798.9503837376833, -2192.0773739395663, 940.4886474609375, 1719.2901561260223, -2275.3571120183915, 942.6724853515625, 1458.6133045367897, -2407.508243716322, 946.076416015625, 1308.3653878103942, -2385.781133211218, 938.739990234375, 1290.7435124199837, -2380.9160215044394, 935.1227416992188, 1170.7856291402131, -2347.7631550300866, 916.1671752929688, 1062.1712019741535, -2320.617876389995, 890.3770141601562, 911.9121533017606, -2329.666312834248, 853.4825439453125, 770.7145111784339, -2347.7631550300866, 822.8631591796875, 682.0151409134269, -2394.8294959831983, 802.2352905273438, 573.4007137473673, -2443.70153516531, 785.6072387695312, 508.22315188869834, -2483.5250236513093, 773.9024047851562, 419.5237816236913, -2487.155382713303, 770.4622802734375, 307.29147100634873, -2469.0588557031006, 750.7484741210938, 209.53069419041276, -2445.525938089937, 740.7115478515625, 175.1441034860909, -2436.459204304032, 738.791259765625, 103.57680285349488, -2470.86482459493, 734.4260864257812, 40.21374869532883, -2517.9304416142404, 729.236083984375, -3.234248561784625, -2539.657193368301, 720.756591796875, -34.84898394718766, -2579.4802043978125, 706.6790161132812]]},