{"type": "block", "layer": 7, "block": 0, "features": [{"geom": {"pts": [[-1153.554206673056, -55.92036005388945, 0.0]], "r": 313.0}, "mtl": 0}], "featureCount": 1, "startIndex": 0}