{"type": "block", "layer": 10, "block": 0, "features": [{"geom": {"pts": [[-34.84898394718766, -2579.4802043978125, 0.0]], "r": 313.0}, "mtl": 0}], "featureCount": 1, "startIndex": 0}