{"type": "block", "layer": 11, "block": 0, "features": [{"geom": {"pts": [[-687.4817626196891, 1752.512081705965, 0.0]], "r": 313.0}, "mtl": 0}, {"geom": {"pts": [[-786.0440397690982, 2113.185548532754, 0.0]], "r": 313.0}, "mtl": 0}, {"geom": {"pts": [[-1137.7468389812857, 3138.5229366151616, 0.0]], "r": 313.0}, "mtl": 0}], "featureCount": 3, "startIndex": 0}