{"type": "block", "layer": 12, "block": 1, "features": [{"geom": {"polygons": [[[[-918.291594831273, -798.5473901377991], [-933.9653791338205, -789.6262472318485], [-830.6497597303241, -608.1967968149111], [-814.9871073756367, -617.118141984567], [-918.291594831273, -798.5473901377991]]]], "centroids": [[-874.4780670721084, -703.3801516797394, 336.0774841308594]], "h": 30.0}, "mtl": {"face": 0, "edge": 18}}], "featureCount": 1, "startIndex": 50}