{"type": "block", "layer": 15, "block": 0, "features": [{"geom": {"polygons": [[[[-454.2117696646601, -106.65005483198911], [-416.12937186285853, -38.389783926308155], [-354.61422125063837, -72.71354680415243], [-392.6075634583831, -140.80762235447764], [-392.6186954062432, -140.80762235447764], [-392.6966190505773, -140.95509129948914], [-454.2117696646601, -106.65005483198911]], [[-391.01569473929703, -97.39633361715823], [-418.23331023938954, -82.20693535916507], [-430.27807914465666, -103.79283129610121], [-403.0604636427015, -118.98218858148903], [-391.01569473929703, -97.39633361715823]], [[-412.5226203612983, -71.99462954327464], [-385.3161368109286, -87.16561344452202], [-378.0581060126424, -74.16981490794569], [-405.27572151087224, -58.98037256114185], [-412.5226203612983, -71.99462954327464]]]], "centroids": [[-404.27857830375433, -89.51095563638955, 334.9106140136719]], "h": 30.0}, "mtl": {"face": 0}}], "featureCount": 1, "startIndex": 0}